<?xml version="1.0" encoding="UTF-8"?>
<GenRun Id="impl_1" LaunchPart="xc7a100tcsg324-1" LaunchTime="1701986993">
  <File Type="ROUTE-PWR" Name="pdm_2_pcm_power_routed.rpt"/>
  <File Type="PA-TCL" Name="pdm_2_pcm.tcl"/>
  <File Type="ROUTE-PWR-SUM" Name="pdm_2_pcm_power_summary_routed.pb"/>
  <File Type="REPORTS-TCL" Name="pdm_2_pcm_reports.tcl"/>
  <File Type="BITSTR-MSK" Name="pdm_2_pcm.msk"/>
  <File Type="ROUTE-CLK" Name="pdm_2_pcm_clock_utilization_routed.rpt"/>
  <File Type="RDI-RDI" Name="pdm_2_pcm.vdi"/>
  <File Type="POSTROUTE-PHYSOPT-BUS-SKEW-PB" Name="pdm_2_pcm_bus_skew_postroute_physopted.pb"/>
  <File Type="BG-BIT" Name="pdm_2_pcm.bit"/>
  <File Type="BG-DRC" Name="pdm_2_pcm.drc"/>
  <File Type="BG-BGN" Name="pdm_2_pcm.bgn"/>
  <File Type="BG-BIN" Name="pdm_2_pcm.bin"/>
  <File Type="BITSTR-RBT" Name="pdm_2_pcm.rbt"/>
  <File Type="BITSTR-NKY" Name="pdm_2_pcm.nky"/>
  <File Type="BITSTR-BMM" Name="pdm_2_pcm_bd.bmm"/>
  <File Type="BITSTR-MMI" Name="pdm_2_pcm.mmi"/>
  <File Type="ROUTE-METHODOLOGY-DRC" Name="pdm_2_pcm_methodology_drc_routed.rpt"/>
  <File Type="BITSTR-SYSDEF" Name="pdm_2_pcm.sysdef"/>
  <File Type="ROUTE-METHODOLOGY-DRC-PB" Name="pdm_2_pcm_methodology_drc_routed.pb"/>
  <File Type="BITSTR-LTX" Name="debug_nets.ltx"/>
  <File Type="BITSTR-LTX" Name="pdm_2_pcm.ltx"/>
  <File Type="BOOT-PDI-FILE" Name="pdm_2_pcm_soc.pdi"/>
  <File Type="WBT-USG" Name="usage_statistics_webtalk.html"/>
  <File Type="NPI_FILE" Name="pdm_2_pcm.npi"/>
  <File Type="OPT-DRC" Name="pdm_2_pcm_drc_opted.rpt"/>
  <File Type="RBD_FILE" Name="pdm_2_pcm.rbd"/>
  <File Type="OPT-HWDEF" Name="pdm_2_pcm.hwdef"/>
  <File Type="PLACE-IO" Name="pdm_2_pcm_io_placed.rpt"/>
  <File Type="PLACE-UTIL" Name="pdm_2_pcm_utilization_placed.rpt"/>
  <File Type="PLACE-UTIL-PB" Name="pdm_2_pcm_utilization_placed.pb"/>
  <File Type="PLACE-CTRL" Name="pdm_2_pcm_control_sets_placed.rpt"/>
  <File Type="PLACE-PRE-SIMILARITY" Name="pdm_2_pcm_incremental_reuse_pre_placed.rpt"/>
  <File Type="ROUTE-DRC" Name="pdm_2_pcm_drc_routed.rpt"/>
  <File Type="ROUTE-DRC-PB" Name="pdm_2_pcm_drc_routed.pb"/>
  <File Type="ROUTE-PWR-RPX" Name="pdm_2_pcm_power_routed.rpx"/>
  <File Type="ROUTE-STATUS" Name="pdm_2_pcm_route_status.rpt"/>
  <File Type="ROUTE-STATUS-PB" Name="pdm_2_pcm_route_status.pb"/>
  <File Type="ROUTE-DCP" Name="pdm_2_pcm_routed.dcp"/>
  <File Type="ROUTE-ERROR-DCP" Name="pdm_2_pcm_routed_error.dcp"/>
  <File Type="ROUTE-BLACKBOX-DCP" Name="pdm_2_pcm_routed_bb.dcp"/>
  <File Type="ROUTE-TIMINGSUMMARY" Name="pdm_2_pcm_timing_summary_routed.rpt"/>
  <File Type="ROUTE-TIMING-PB" Name="pdm_2_pcm_timing_summary_routed.pb"/>
  <File Type="ROUTE-TIMING-RPX" Name="pdm_2_pcm_timing_summary_routed.rpx"/>
  <File Type="ROUTE-SIMILARITY" Name="pdm_2_pcm_incremental_reuse_routed.rpt"/>
  <File Type="ROUTE-BUS-SKEW" Name="pdm_2_pcm_bus_skew_routed.rpt"/>
  <File Type="ROUTE-BUS-SKEW-PB" Name="pdm_2_pcm_bus_skew_routed.pb"/>
  <File Type="ROUTE-BUS-SKEW-RPX" Name="pdm_2_pcm_bus_skew_routed.rpx"/>
  <File Type="OPT-DCP" Name="pdm_2_pcm_opt.dcp"/>
  <File Type="PLACE-DCP" Name="pdm_2_pcm_placed.dcp"/>
  <File Type="PWROPT-DCP" Name="pdm_2_pcm_pwropt.dcp"/>
  <File Type="POSTPLACE-PWROPT-DCP" Name="pdm_2_pcm_postplace_pwropt.dcp"/>
  <File Type="PHYSOPT-DCP" Name="pdm_2_pcm_physopt.dcp"/>
  <File Type="POSTROUTE-PHYSOPT-DCP" Name="pdm_2_pcm_postroute_physopt.dcp"/>
  <File Type="POSTROUTE-PHYSOPT-BLACKBOX-DCP" Name="pdm_2_pcm_postroute_physopt_bb.dcp"/>
  <File Type="POSTROUTE-PHYSOPT-TIMING" Name="pdm_2_pcm_timing_summary_postroute_physopted.rpt"/>
  <File Type="POSTROUTE-PHYSOPT-TIMING-PB" Name="pdm_2_pcm_timing_summary_postroute_physopted.pb"/>
  <File Type="POSTROUTE-PHYSOPT-TIMING-RPX" Name="pdm_2_pcm_timing_summary_postroute_physopted.rpx"/>
  <File Type="POSTROUTE-PHYSOPT-BUS-SKEW" Name="pdm_2_pcm_bus_skew_postroute_physopted.rpt"/>
  <File Type="POSTROUTE-PHYSOPT-BUS-SKEW-RPX" Name="pdm_2_pcm_bus_skew_postroute_physopted.rpx"/>
  <File Type="ROUTE-DRC-RPX" Name="pdm_2_pcm_drc_routed.rpx"/>
  <File Type="ROUTE-METHODOLOGY-DRC-RPX" Name="pdm_2_pcm_methodology_drc_routed.rpx"/>
  <File Type="PDI-FILE" Name="pdm_2_pcm.pdi"/>
  <File Type="PL-PDI-FILE" Name="pdm_2_pcm_pld.pdi"/>
  <File Type="RCFI_FILE" Name="pdm_2_pcm.rcfi"/>
  <File Type="CFI_FILE" Name="pdm_2_pcm.cfi"/>
  <File Type="RNPI_FILE" Name="pdm_2_pcm.rnpi"/>
  <File Type="ROUTE-RQS" Name="pdm_2_pcm_routed.rqs"/>
  <File Type="POSTROUTE-PHYSOPT-RQS" Name="pdm_2_pcm_postroute_physopted.rqs"/>
  <File Type="ROUTE-RQS-RPT" Name="route_report_qor_suggestions_0.rpt"/>
  <File Type="POSTROUTE-PHYSOPT-RQS-RPT" Name="postroute_physopt_report_qor_suggestions_0.rpt"/>
  <FileSet Name="sources" Type="DesignSrcs" RelSrcDir="$PSRCDIR/sources_1" RelGenDir="$PGENDIR/sources_1">
    <Filter Type="Srcs"/>
    <File Path="$PSRCDIR/sources_1/new/pdm_clk_gen.sv">
      <FileInfo>
        <Attr Name="ImportPath" Val="$PPRDIR/../../../../FPRO_23.srcs/sources_1/new/pdm_clk_gen.sv"/>
        <Attr Name="ImportTime" Val="1701984086"/>
        <Attr Name="UsedIn" Val="synthesis"/>
        <Attr Name="UsedIn" Val="implementation"/>
        <Attr Name="UsedIn" Val="simulation"/>
      </FileInfo>
    </File>
    <File Path="$PSRCDIR/sources_1/new/pdm_2_pcm.sv">
      <FileInfo>
        <Attr Name="ImportPath" Val="$PPRDIR/../../../../FPRO_23.srcs/sources_1/new/pdm_2_pcm.sv"/>
        <Attr Name="ImportTime" Val="1702065343"/>
        <Attr Name="UsedIn" Val="synthesis"/>
        <Attr Name="UsedIn" Val="implementation"/>
        <Attr Name="UsedIn" Val="simulation"/>
      </FileInfo>
    </File>
    <File Path="$PSRCDIR/sources_1/new/pdm_2_pcm_test.v">
      <FileInfo>
        <Attr Name="AutoDisabled" Val="1"/>
        <Attr Name="ImportPath" Val="$PPRDIR/../../../../FPRO_23.srcs/sources_1/new/pdm_2_pcm_test.v"/>
        <Attr Name="ImportTime" Val="1702072538"/>
        <Attr Name="UsedIn" Val="synthesis"/>
        <Attr Name="UsedIn" Val="implementation"/>
        <Attr Name="UsedIn" Val="simulation"/>
      </FileInfo>
    </File>
    <File Path="$PSRCDIR/sources_1/new/FFT_wrapper.v">
      <FileInfo>
        <Attr Name="AutoDisabled" Val="1"/>
        <Attr Name="ImportPath" Val="$PPRDIR/../../../../FPRO_23.srcs/sources_1/new/FFT_wrapper.v"/>
        <Attr Name="ImportTime" Val="1701723164"/>
        <Attr Name="UsedIn" Val="synthesis"/>
        <Attr Name="UsedIn" Val="implementation"/>
        <Attr Name="UsedIn" Val="simulation"/>
      </FileInfo>
    </File>
    <File Path="$PSRCDIR/sources_1/new/FFT_wrapper_test.sv">
      <FileInfo>
        <Attr Name="AutoDisabled" Val="1"/>
        <Attr Name="ImportPath" Val="$PPRDIR/../../../../FPRO_23.srcs/sources_1/new/FFT_wrapper_test.sv"/>
        <Attr Name="ImportTime" Val="1701721295"/>
        <Attr Name="UsedIn" Val="synthesis"/>
        <Attr Name="UsedIn" Val="implementation"/>
        <Attr Name="UsedIn" Val="simulation"/>
      </FileInfo>
    </File>
    <File Path="$PSRCDIR/sources_1/ip/cpu/cpu.xci">
      <FileInfo>
        <Attr Name="AutoDisabled" Val="1"/>
        <Attr Name="ImportPath" Val="$PPRDIR/../../../../../../../OneDrive - Baylor University/Engineering/System on Chip/Vivado/FPRO/FPRO.srcs/sources_1/ip/cpu/cpu.xci"/>
        <Attr Name="ImportTime" Val="1695929359"/>
        <Attr Name="UsedIn" Val="synthesis"/>
        <Attr Name="UsedIn" Val="implementation"/>
        <Attr Name="UsedIn" Val="simulation"/>
      </FileInfo>
    </File>
    <File Path="$PSRCDIR/sources_1/imports/adsr/adsr.sv">
      <FileInfo>
        <Attr Name="AutoDisabled" Val="1"/>
        <Attr Name="ImportPath" Val="$PPRDIR/../../../../../../../OneDrive - Baylor University/Engineering/System on Chip/fpga_mcs_sv_src/hdl/mmio/adsr/adsr.sv"/>
        <Attr Name="ImportTime" Val="1695928313"/>
        <Attr Name="UsedIn" Val="synthesis"/>
        <Attr Name="UsedIn" Val="implementation"/>
        <Attr Name="UsedIn" Val="simulation"/>
      </FileInfo>
    </File>
    <File Path="$PSRCDIR/sources_1/imports/hdl/mmio/uart/baud_gen.sv">
      <FileInfo>
        <Attr Name="AutoDisabled" Val="1"/>
        <Attr Name="ImportPath" Val="$PPRDIR/../../../../../../../OneDrive - Baylor University/Engineering/System on Chip/fpga_mcs_sv_src/hdl/mmio/uart/baud_gen.sv"/>
        <Attr Name="ImportTime" Val="1695928314"/>
        <Attr Name="UsedIn" Val="synthesis"/>
        <Attr Name="UsedIn" Val="implementation"/>
        <Attr Name="UsedIn" Val="simulation"/>
      </FileInfo>
    </File>
    <File Path="$PSRCDIR/sources_1/imports/adsr/chu_adsr_core.sv">
      <FileInfo>
        <Attr Name="AutoDisabled" Val="1"/>
        <Attr Name="ImportPath" Val="$PPRDIR/../../../../../../../OneDrive - Baylor University/Engineering/System on Chip/fpga_mcs_sv_src/hdl/mmio/adsr/chu_adsr_core.sv"/>
        <Attr Name="ImportTime" Val="1695928313"/>
        <Attr Name="UsedIn" Val="synthesis"/>
        <Attr Name="UsedIn" Val="implementation"/>
        <Attr Name="UsedIn" Val="simulation"/>
      </FileInfo>
    </File>
    <File Path="$PSRCDIR/sources_1/imports/ddfs/chu_ddfs_core.sv">
      <FileInfo>
        <Attr Name="AutoDisabled" Val="1"/>
        <Attr Name="ImportPath" Val="$PPRDIR/../../../../../../../OneDrive - Baylor University/Engineering/System on Chip/fpga_mcs_sv_src/hdl/mmio/ddfs/chu_ddfs_core.sv"/>
        <Attr Name="ImportTime" Val="1695928313"/>
        <Attr Name="UsedIn" Val="synthesis"/>
        <Attr Name="UsedIn" Val="implementation"/>
        <Attr Name="UsedIn" Val="simulation"/>
      </FileInfo>
    </File>
    <File Path="$PSRCDIR/sources_1/imports/hdl/mmio/debounce/chu_debounce_core.sv">
      <FileInfo>
        <Attr Name="AutoDisabled" Val="1"/>
        <Attr Name="ImportPath" Val="$PPRDIR/../../../../../../../OneDrive - Baylor University/Engineering/System on Chip/fpga_mcs_sv_src/hdl/mmio/debounce/chu_debounce_core.sv"/>
        <Attr Name="ImportTime" Val="1695928314"/>
        <Attr Name="UsedIn" Val="synthesis"/>
        <Attr Name="UsedIn" Val="implementation"/>
        <Attr Name="UsedIn" Val="simulation"/>
      </FileInfo>
    </File>
    <File Path="$PSRCDIR/sources_1/imports/hdl/mmio/mmio_basic/chu_gpi.sv">
      <FileInfo>
        <Attr Name="AutoDisabled" Val="1"/>
        <Attr Name="ImportPath" Val="$PPRDIR/../../../../../../../OneDrive - Baylor University/Engineering/System on Chip/fpga_mcs_sv_src/hdl/mmio/mmio_basic/chu_gpi.sv"/>
        <Attr Name="ImportTime" Val="1695928314"/>
        <Attr Name="UsedIn" Val="synthesis"/>
        <Attr Name="UsedIn" Val="implementation"/>
        <Attr Name="UsedIn" Val="simulation"/>
      </FileInfo>
    </File>
    <File Path="$PSRCDIR/sources_1/imports/hdl/mmio/mmio_basic/chu_gpo.sv">
      <FileInfo>
        <Attr Name="AutoDisabled" Val="1"/>
        <Attr Name="ImportPath" Val="$PPRDIR/../../../../../../../OneDrive - Baylor University/Engineering/System on Chip/fpga_mcs_sv_src/hdl/mmio/mmio_basic/chu_gpo.sv"/>
        <Attr Name="ImportTime" Val="1695928314"/>
        <Attr Name="UsedIn" Val="synthesis"/>
        <Attr Name="UsedIn" Val="implementation"/>
        <Attr Name="UsedIn" Val="simulation"/>
      </FileInfo>
    </File>
    <File Path="$PSRCDIR/sources_1/imports/hdl/mmio/pwm/chu_io_pwm_core.sv">
      <FileInfo>
        <Attr Name="AutoDisabled" Val="1"/>
        <Attr Name="ImportPath" Val="$PPRDIR/../../../../../../../OneDrive - Baylor University/Engineering/System on Chip/fpga_mcs_sv_src/hdl/mmio/pwm/chu_io_pwm_core.sv"/>
        <Attr Name="ImportTime" Val="1697746360"/>
        <Attr Name="UsedIn" Val="synthesis"/>
        <Attr Name="UsedIn" Val="implementation"/>
        <Attr Name="UsedIn" Val="simulation"/>
      </FileInfo>
    </File>
    <File Path="$PSRCDIR/sources_1/imports/hdl/mmio/led_mux/chu_led_mux_core.sv">
      <FileInfo>
        <Attr Name="AutoDisabled" Val="1"/>
        <Attr Name="ImportPath" Val="$PPRDIR/../../../../../../../OneDrive - Baylor University/Engineering/System on Chip/fpga_mcs_sv_src/hdl/mmio/led_mux/chu_led_mux_core.sv"/>
        <Attr Name="ImportTime" Val="1695928314"/>
        <Attr Name="UsedIn" Val="synthesis"/>
        <Attr Name="UsedIn" Val="implementation"/>
        <Attr Name="UsedIn" Val="simulation"/>
      </FileInfo>
    </File>
    <File Path="$PSRCDIR/sources_1/imports/hdl/sys/bridge/chu_mcs_bridge.sv">
      <FileInfo>
        <Attr Name="AutoDisabled" Val="1"/>
        <Attr Name="ImportPath" Val="$PPRDIR/../../../../../../../OneDrive - Baylor University/Engineering/System on Chip/fpga_mcs_sv_src/hdl/sys/bridge/chu_mcs_bridge.sv"/>
        <Attr Name="ImportTime" Val="1695928314"/>
        <Attr Name="UsedIn" Val="synthesis"/>
        <Attr Name="UsedIn" Val="implementation"/>
        <Attr Name="UsedIn" Val="simulation"/>
      </FileInfo>
    </File>
    <File Path="$PSRCDIR/sources_1/imports/hdl/mmio/mmio_support/chu_mmio_controller.sv">
      <FileInfo>
        <Attr Name="AutoDisabled" Val="1"/>
        <Attr Name="ImportPath" Val="$PPRDIR/../../../../../../../OneDrive - Baylor University/Engineering/System on Chip/fpga_mcs_sv_src/hdl/mmio/mmio_support/chu_mmio_controller.sv"/>
        <Attr Name="ImportTime" Val="1695928314"/>
        <Attr Name="UsedIn" Val="synthesis"/>
        <Attr Name="UsedIn" Val="implementation"/>
        <Attr Name="UsedIn" Val="simulation"/>
      </FileInfo>
    </File>
    <File Path="$PSRCDIR/sources_1/imports/hdl/mmio/mmio_basic/chu_timer.sv">
      <FileInfo>
        <Attr Name="AutoDisabled" Val="1"/>
        <Attr Name="ImportPath" Val="$PPRDIR/../../../../../../../OneDrive - Baylor University/Engineering/System on Chip/fpga_mcs_sv_src/hdl/mmio/mmio_basic/chu_timer.sv"/>
        <Attr Name="ImportTime" Val="1695928314"/>
        <Attr Name="UsedIn" Val="synthesis"/>
        <Attr Name="UsedIn" Val="implementation"/>
        <Attr Name="UsedIn" Val="simulation"/>
      </FileInfo>
    </File>
    <File Path="$PSRCDIR/sources_1/imports/hdl/mmio/uart/chu_uart.sv">
      <FileInfo>
        <Attr Name="AutoDisabled" Val="1"/>
        <Attr Name="ImportPath" Val="$PPRDIR/../../../../../../../OneDrive - Baylor University/Engineering/System on Chip/fpga_mcs_sv_src/hdl/mmio/uart/chu_uart.sv"/>
        <Attr Name="ImportTime" Val="1695928314"/>
        <Attr Name="UsedIn" Val="synthesis"/>
        <Attr Name="UsedIn" Val="implementation"/>
        <Attr Name="UsedIn" Val="simulation"/>
      </FileInfo>
    </File>
    <File Path="$PSRCDIR/sources_1/imports/hdl/mmio/xadc/chu_xadc_core.sv">
      <FileInfo>
        <Attr Name="AutoDisabled" Val="1"/>
        <Attr Name="ImportPath" Val="$PPRDIR/../../../../../../../OneDrive - Baylor University/Engineering/System on Chip/fpga_mcs_sv_src/hdl/mmio/xadc/chu_xadc_core.sv"/>
        <Attr Name="ImportTime" Val="1695928314"/>
        <Attr Name="UsedIn" Val="synthesis"/>
        <Attr Name="UsedIn" Val="implementation"/>
        <Attr Name="UsedIn" Val="simulation"/>
      </FileInfo>
    </File>
    <File Path="$PSRCDIR/sources_1/imports/ddfs/ddfs.sv">
      <FileInfo>
        <Attr Name="AutoDisabled" Val="1"/>
        <Attr Name="ImportPath" Val="$PPRDIR/../../../../../../../OneDrive - Baylor University/Engineering/System on Chip/fpga_mcs_sv_src/hdl/mmio/ddfs/ddfs.sv"/>
        <Attr Name="ImportTime" Val="1695928313"/>
        <Attr Name="UsedIn" Val="synthesis"/>
        <Attr Name="UsedIn" Val="implementation"/>
        <Attr Name="UsedIn" Val="simulation"/>
      </FileInfo>
    </File>
    <File Path="$PSRCDIR/sources_1/imports/hdl/mmio/debounce/debounce_counter.sv">
      <FileInfo>
        <Attr Name="AutoDisabled" Val="1"/>
        <Attr Name="ImportPath" Val="$PPRDIR/../../../../../../../OneDrive - Baylor University/Engineering/System on Chip/fpga_mcs_sv_src/hdl/mmio/debounce/debounce_counter.sv"/>
        <Attr Name="ImportTime" Val="1695928314"/>
        <Attr Name="UsedIn" Val="synthesis"/>
        <Attr Name="UsedIn" Val="implementation"/>
        <Attr Name="UsedIn" Val="simulation"/>
      </FileInfo>
    </File>
    <File Path="$PSRCDIR/sources_1/imports/hdl/mmio/debounce/debounce_fsm.sv">
      <FileInfo>
        <Attr Name="AutoDisabled" Val="1"/>
        <Attr Name="ImportPath" Val="$PPRDIR/../../../../../../../OneDrive - Baylor University/Engineering/System on Chip/fpga_mcs_sv_src/hdl/mmio/debounce/debounce_fsm.sv"/>
        <Attr Name="ImportTime" Val="1695928314"/>
        <Attr Name="UsedIn" Val="synthesis"/>
        <Attr Name="UsedIn" Val="implementation"/>
        <Attr Name="UsedIn" Val="simulation"/>
      </FileInfo>
    </File>
    <File Path="$PSRCDIR/sources_1/imports/ddfs/ds_1bit_dac.sv">
      <FileInfo>
        <Attr Name="AutoDisabled" Val="1"/>
        <Attr Name="ImportPath" Val="$PPRDIR/../../../../../../../OneDrive - Baylor University/Engineering/System on Chip/fpga_mcs_sv_src/hdl/mmio/ddfs/ds_1bit_dac.sv"/>
        <Attr Name="ImportTime" Val="1695928313"/>
        <Attr Name="UsedIn" Val="synthesis"/>
        <Attr Name="UsedIn" Val="implementation"/>
        <Attr Name="UsedIn" Val="simulation"/>
      </FileInfo>
    </File>
    <File Path="$PSRCDIR/sources_1/imports/hdl/mmio/mmio_support/fifo/fifo.sv">
      <FileInfo>
        <Attr Name="AutoDisabled" Val="1"/>
        <Attr Name="ImportPath" Val="$PPRDIR/../../../../../../../OneDrive - Baylor University/Engineering/System on Chip/fpga_mcs_sv_src/hdl/mmio/mmio_support/fifo/fifo.sv"/>
        <Attr Name="ImportTime" Val="1695928314"/>
        <Attr Name="UsedIn" Val="synthesis"/>
        <Attr Name="UsedIn" Val="implementation"/>
        <Attr Name="UsedIn" Val="simulation"/>
      </FileInfo>
    </File>
    <File Path="$PSRCDIR/sources_1/imports/hdl/mmio/mmio_support/fifo/fifo_ctrl.sv">
      <FileInfo>
        <Attr Name="AutoDisabled" Val="1"/>
        <Attr Name="ImportPath" Val="$PPRDIR/../../../../../../../OneDrive - Baylor University/Engineering/System on Chip/fpga_mcs_sv_src/hdl/mmio/mmio_support/fifo/fifo_ctrl.sv"/>
        <Attr Name="ImportTime" Val="1695928314"/>
        <Attr Name="UsedIn" Val="synthesis"/>
        <Attr Name="UsedIn" Val="implementation"/>
        <Attr Name="UsedIn" Val="simulation"/>
      </FileInfo>
    </File>
    <File Path="$PSRCDIR/sources_1/imports/hdl/mmio/led_mux/led_mux8.sv">
      <FileInfo>
        <Attr Name="AutoDisabled" Val="1"/>
        <Attr Name="ImportPath" Val="$PPRDIR/../../../../../../../OneDrive - Baylor University/Engineering/System on Chip/fpga_mcs_sv_src/hdl/mmio/led_mux/led_mux8.sv"/>
        <Attr Name="ImportTime" Val="1695928314"/>
        <Attr Name="UsedIn" Val="synthesis"/>
        <Attr Name="UsedIn" Val="implementation"/>
        <Attr Name="UsedIn" Val="simulation"/>
      </FileInfo>
    </File>
    <File Path="$PSRCDIR/sources_1/new/mic_core.sv">
      <FileInfo>
        <Attr Name="AutoDisabled" Val="1"/>
        <Attr Name="ImportPath" Val="$PPRDIR/../../../../FPRO_23.srcs/sources_1/new/mic_core.sv"/>
        <Attr Name="ImportTime" Val="1702141337"/>
        <Attr Name="UsedIn" Val="synthesis"/>
        <Attr Name="UsedIn" Val="implementation"/>
        <Attr Name="UsedIn" Val="simulation"/>
      </FileInfo>
    </File>
    <File Path="$PSRCDIR/sources_1/imports/hdl/sys/bridge/chu_io_map.svh">
      <FileInfo>
        <Attr Name="AutoDisabled" Val="1"/>
        <Attr Name="ImportPath" Val="$PPRDIR/../../../../../../../OneDrive - Baylor University/Engineering/System on Chip/fpga_mcs_sv_src/hdl/sys/bridge/chu_io_map.svh"/>
        <Attr Name="ImportTime" Val="1697572277"/>
        <Attr Name="UsedIn" Val="synthesis"/>
        <Attr Name="UsedIn" Val="simulation"/>
        <Attr Name="IsVisible" Val="1"/>
      </FileInfo>
    </File>
    <File Path="$PSRCDIR/sources_1/imports/hdl/sys/subsys/mmio_sys_vanilla.sv">
      <FileInfo>
        <Attr Name="AutoDisabled" Val="1"/>
        <Attr Name="ImportPath" Val="$PPRDIR/../../../../../../../OneDrive - Baylor University/Engineering/System on Chip/fpga_mcs_sv_src/hdl/sys/subsys/mmio_sys_vanilla.sv"/>
        <Attr Name="ImportTime" Val="1697572789"/>
        <Attr Name="UsedIn" Val="synthesis"/>
        <Attr Name="UsedIn" Val="implementation"/>
        <Attr Name="UsedIn" Val="simulation"/>
      </FileInfo>
    </File>
    <File Path="$PSRCDIR/sources_1/imports/hdl/mmio/mmio_support/fifo/reg_file.sv">
      <FileInfo>
        <Attr Name="AutoDisabled" Val="1"/>
        <Attr Name="ImportPath" Val="$PPRDIR/../../../../../../../OneDrive - Baylor University/Engineering/System on Chip/fpga_mcs_sv_src/hdl/mmio/mmio_support/fifo/reg_file.sv"/>
        <Attr Name="ImportTime" Val="1695928314"/>
        <Attr Name="UsedIn" Val="synthesis"/>
        <Attr Name="UsedIn" Val="implementation"/>
        <Attr Name="UsedIn" Val="simulation"/>
      </FileInfo>
    </File>
    <File Path="$PSRCDIR/sources_1/imports/ddfs/sin_rom.sv">
      <FileInfo>
        <Attr Name="AutoDisabled" Val="1"/>
        <Attr Name="ImportPath" Val="$PPRDIR/../../../../../../../OneDrive - Baylor University/Engineering/System on Chip/fpga_mcs_sv_src/hdl/mmio/ddfs/sin_rom.sv"/>
        <Attr Name="ImportTime" Val="1695928313"/>
        <Attr Name="UsedIn" Val="synthesis"/>
        <Attr Name="UsedIn" Val="implementation"/>
        <Attr Name="UsedIn" Val="simulation"/>
      </FileInfo>
    </File>
    <File Path="$PSRCDIR/sources_1/imports/hdl/mmio/uart/uart.sv">
      <FileInfo>
        <Attr Name="AutoDisabled" Val="1"/>
        <Attr Name="ImportPath" Val="$PPRDIR/../../../../../../../OneDrive - Baylor University/Engineering/System on Chip/fpga_mcs_sv_src/hdl/mmio/uart/uart.sv"/>
        <Attr Name="ImportTime" Val="1695928314"/>
        <Attr Name="UsedIn" Val="synthesis"/>
        <Attr Name="UsedIn" Val="implementation"/>
        <Attr Name="UsedIn" Val="simulation"/>
      </FileInfo>
    </File>
    <File Path="$PSRCDIR/sources_1/imports/hdl/mmio/uart/uart_rx.sv">
      <FileInfo>
        <Attr Name="AutoDisabled" Val="1"/>
        <Attr Name="ImportPath" Val="$PPRDIR/../../../../../../../OneDrive - Baylor University/Engineering/System on Chip/fpga_mcs_sv_src/hdl/mmio/uart/uart_rx.sv"/>
        <Attr Name="ImportTime" Val="1695928314"/>
        <Attr Name="UsedIn" Val="synthesis"/>
        <Attr Name="UsedIn" Val="implementation"/>
        <Attr Name="UsedIn" Val="simulation"/>
      </FileInfo>
    </File>
    <File Path="$PSRCDIR/sources_1/imports/hdl/mmio/uart/uart_tx.sv">
      <FileInfo>
        <Attr Name="AutoDisabled" Val="1"/>
        <Attr Name="ImportPath" Val="$PPRDIR/../../../../../../../OneDrive - Baylor University/Engineering/System on Chip/fpga_mcs_sv_src/hdl/mmio/uart/uart_tx.sv"/>
        <Attr Name="ImportTime" Val="1695928314"/>
        <Attr Name="UsedIn" Val="synthesis"/>
        <Attr Name="UsedIn" Val="implementation"/>
        <Attr Name="UsedIn" Val="simulation"/>
      </FileInfo>
    </File>
    <File Path="$PSRCDIR/sources_1/imports/hdl/mmio/xadc/xadc_fpro.sv">
      <FileInfo>
        <Attr Name="AutoDisabled" Val="1"/>
        <Attr Name="ImportPath" Val="$PPRDIR/../../../../../../../OneDrive - Baylor University/Engineering/System on Chip/fpga_mcs_sv_src/hdl/mmio/xadc/xadc_fpro.sv"/>
        <Attr Name="ImportTime" Val="1695928314"/>
        <Attr Name="UsedIn" Val="synthesis"/>
        <Attr Name="UsedIn" Val="implementation"/>
        <Attr Name="UsedIn" Val="simulation"/>
      </FileInfo>
    </File>
    <File Path="$PSRCDIR/sources_1/imports/hdl/sys/top/mcs_top_vanilla.sv">
      <FileInfo>
        <Attr Name="AutoDisabled" Val="1"/>
        <Attr Name="ImportPath" Val="$PPRDIR/../../../../../../../OneDrive - Baylor University/Engineering/System on Chip/fpga_mcs_sv_src/hdl/sys/top/mcs_top_vanilla.sv"/>
        <Attr Name="ImportTime" Val="1697572712"/>
        <Attr Name="UsedIn" Val="synthesis"/>
        <Attr Name="UsedIn" Val="implementation"/>
        <Attr Name="UsedIn" Val="simulation"/>
      </FileInfo>
    </File>
    <File Path="$PSRCDIR/sources_1/new/pitch_estimation.sv">
      <FileInfo>
        <Attr Name="AutoDisabled" Val="1"/>
        <Attr Name="ImportPath" Val="$PPRDIR/../../../../FPRO_23.srcs/sources_1/new/pitch_estimation.sv"/>
        <Attr Name="ImportTime" Val="1701413212"/>
        <Attr Name="UsedIn" Val="synthesis"/>
        <Attr Name="UsedIn" Val="implementation"/>
        <Attr Name="UsedIn" Val="simulation"/>
      </FileInfo>
    </File>
    <File Path="$PSRCDIR/sources_1/imports/FPRO_23/sin_table.txt">
      <FileInfo>
        <Attr Name="ImportPath" Val="$PPRDIR/../../../../sin_table.txt"/>
        <Attr Name="ImportTime" Val="1695928314"/>
      </FileInfo>
    </File>
    <File Path="$PSRCDIR/sources_1/new/mic_core_wrapper.v">
      <FileInfo>
        <Attr Name="AutoDisabled" Val="1"/>
        <Attr Name="ImportPath" Val="$PPRDIR/../../../../FPRO_23.srcs/sources_1/new/mic_core_wrapper.v"/>
        <Attr Name="ImportTime" Val="1701460931"/>
        <Attr Name="UsedIn" Val="synthesis"/>
        <Attr Name="UsedIn" Val="implementation"/>
        <Attr Name="UsedIn" Val="simulation"/>
      </FileInfo>
    </File>
    <File Path="$PSRCDIR/sources_1/ip/clk_wiz_0/clk_wiz_0.xci">
      <FileInfo>
        <Attr Name="AutoDisabled" Val="1"/>
        <Attr Name="ImportPath" Val="$PPRDIR/../../../../FPRO_23.srcs/sources_1/ip/clk_wiz_0/clk_wiz_0.xci"/>
        <Attr Name="ImportTime" Val="1701889777"/>
        <Attr Name="UsedIn" Val="synthesis"/>
        <Attr Name="UsedIn" Val="implementation"/>
        <Attr Name="UsedIn" Val="simulation"/>
      </FileInfo>
    </File>
    <Config>
      <Option Name="DesignMode" Val="RTL"/>
      <Option Name="TopModule" Val="pdm_2_pcm"/>
    </Config>
  </FileSet>
  <FileSet Name="constrs_in" Type="Constrs" RelSrcDir="$PSRCDIR/constrs_1" RelGenDir="$PGENDIR/constrs_1">
    <Filter Type="Constrs"/>
    <File Path="$PSRCDIR/constrs_1/imports/constraint/Nexys4_DDR_chu.xdc">
      <FileInfo>
        <Attr Name="ImportPath" Val="$PPRDIR/../../../../../../../OneDrive - Baylor University/Engineering/System on Chip/fpga_mcs_sv_src/constraint/Nexys4_DDR_chu.xdc"/>
        <Attr Name="ImportTime" Val="1695928313"/>
        <Attr Name="UsedIn" Val="synthesis"/>
        <Attr Name="UsedIn" Val="implementation"/>
      </FileInfo>
    </File>
    <Config>
      <Option Name="ConstrsType" Val="XDC"/>
    </Config>
  </FileSet>
  <FileSet Name="utils" Type="Utils" RelSrcDir="$PSRCDIR/utils_1" RelGenDir="$PGENDIR/utils_1">
    <Filter Type="Utils"/>
    <File Path="$PSRCDIR/utils_1/imports/synth_1/mcs_top_vanilla.dcp">
      <FileInfo>
        <Attr Name="ImportPath" Val="$PPRDIR/../../../../FPRO_23.srcs/utils_1/imports/synth_1/mcs_top_vanilla.dcp"/>
        <Attr Name="ImportTime" Val="1701986992"/>
        <Attr Name="UsedIn" Val="synthesis"/>
        <Attr Name="UsedIn" Val="implementation"/>
        <Attr Name="UsedInSteps" Val="synth_1"/>
        <Attr Name="AutoDcp" Val="1"/>
      </FileInfo>
    </File>
    <Config>
      <Option Name="TopAutoSet" Val="TRUE"/>
    </Config>
  </FileSet>
  <Strategy Version="1" Minor="2">
    <StratHandle Name="Vivado Implementation Defaults" Flow="Vivado Implementation 2021"/>
    <Step Id="init_design"/>
    <Step Id="opt_design"/>
    <Step Id="power_opt_design"/>
    <Step Id="place_design"/>
    <Step Id="post_place_power_opt_design"/>
    <Step Id="phys_opt_design"/>
    <Step Id="route_design"/>
    <Step Id="post_route_phys_opt_design"/>
    <Step Id="write_bitstream"/>
    <Step Id="write_device_image"/>
  </Strategy>
  <BlockFileSet Type="BlockSrcs" Name="cic_compiler_0"/>
</GenRun>
