<?xml version="1.0" encoding="UTF-8"?>
<GenRun Id="cic_compiler_0_synth_1" LaunchPart="xc7a100tcsg324-1" LaunchTime="1701986993">
  <File Type="PA-TCL" Name="cic_compiler_0.tcl"/>
  <File Type="REPORTS-TCL" Name="cic_compiler_0_reports.tcl"/>
  <File Type="RDS-RDS" Name="cic_compiler_0.vds"/>
  <File Type="RDS-UTIL" Name="cic_compiler_0_utilization_synth.rpt"/>
  <File Type="RDS-UTIL-PB" Name="cic_compiler_0_utilization_synth.pb"/>
  <File Type="RDS-DCP" Name="cic_compiler_0.dcp"/>
  <FileSet Name="sources" Type="BlockSrcs" RelSrcDir="$PSRCDIR/cic_compiler_0" RelGenDir="$PGENDIR/cic_compiler_0">
    <File Path="$PSRCDIR/sources_1/ip/cic_compiler_0/cic_compiler_0.xci">
      <FileInfo>
        <Attr Name="ImportPath" Val="$PPRDIR/../../../../FPRO_23.srcs/sources_1/ip/cic_compiler_0/cic_compiler_0.xci"/>
        <Attr Name="ImportTime" Val="1701983712"/>
        <Attr Name="UsedIn" Val="synthesis"/>
        <Attr Name="UsedIn" Val="implementation"/>
        <Attr Name="UsedIn" Val="simulation"/>
      </FileInfo>
    </File>
    <Config>
      <Option Name="TopModule" Val="cic_compiler_0"/>
      <Option Name="UseBlackboxStub" Val="1"/>
    </Config>
  </FileSet>
  <FileSet Name="constrs_in" Type="BlockSrcs" RelSrcDir="$PSRCDIR/cic_compiler_0" RelGenDir="$PGENDIR/cic_compiler_0">
    <File Path="$PSRCDIR/sources_1/ip/cic_compiler_0/cic_compiler_0.xci">
      <FileInfo>
        <Attr Name="ImportPath" Val="$PPRDIR/../../../../FPRO_23.srcs/sources_1/ip/cic_compiler_0/cic_compiler_0.xci"/>
        <Attr Name="ImportTime" Val="1701983712"/>
        <Attr Name="UsedIn" Val="synthesis"/>
        <Attr Name="UsedIn" Val="implementation"/>
        <Attr Name="UsedIn" Val="simulation"/>
      </FileInfo>
    </File>
    <Config>
      <Option Name="TopModule" Val="cic_compiler_0"/>
      <Option Name="UseBlackboxStub" Val="1"/>
    </Config>
  </FileSet>
  <FileSet Name="utils" Type="Utils" RelSrcDir="$PSRCDIR/utils_1" RelGenDir="$PGENDIR/utils_1">
    <Filter Type="Utils"/>
    <File Path="$PSRCDIR/utils_1/imports/synth_1/mcs_top_vanilla.dcp">
      <FileInfo>
        <Attr Name="ImportPath" Val="$PPRDIR/../../../../FPRO_23.srcs/utils_1/imports/synth_1/mcs_top_vanilla.dcp"/>
        <Attr Name="ImportTime" Val="1701986992"/>
        <Attr Name="UsedIn" Val="synthesis"/>
        <Attr Name="UsedIn" Val="implementation"/>
        <Attr Name="UsedInSteps" Val="synth_1"/>
        <Attr Name="AutoDcp" Val="1"/>
      </FileInfo>
    </File>
    <Config>
      <Option Name="TopAutoSet" Val="TRUE"/>
    </Config>
  </FileSet>
  <Strategy Version="1" Minor="2">
    <StratHandle Name="Vivado Synthesis Defaults" Flow="Vivado Synthesis 2023"/>
    <Step Id="synth_design"/>
  </Strategy>
</GenRun>
