{
  "version": "2023.1",
  "applications": [],
  "platforms": [
    {
      "name": "FPRO_23"
    }
  ],
  "systems": [
    {
      "name": "FPRO_app_23_system",
      "platform": "C:/Users/john/Documents/School/Vitis/FPRO_23/export/FPRO_23/FPRO_23.xpfm",
      "sysConfig": "FPRO_23",
      "buildConfig": "Debug",
      "applications": [
        {
          "name": "FPRO_app_23",
          "platform": "C:/Users/john/Documents/School/Vitis/FPRO_23/export/FPRO_23/FPRO_23.xpfm",
          "platformPath": "C:\\Users\\john\\Documents\\School\\Vitis\\FPRO_23\\export\\FPRO_23",
          "sysConfig": "FPRO_23",
          "domain": "standalone_domain",
          "system": "FPRO_app_23_system"
        }
      ],
      "platformPath": "C:\\Users\\john\\Documents\\School\\Vitis\\FPRO_23\\export\\FPRO_23"
    }
  ],
  "others": []
}