<?xml version="1.0" encoding="UTF-8"?>
<GenRun Id="synth_1" LaunchPart="xc7a100tcsg324-1" LaunchTime="1702154800" LaunchIncrCheckpoint="$PSRCDIR/utils_1/imports/synth_1/mcs_top_vanilla.dcp">
  <File Type="PA-TCL" Name="mcs_top_vanilla.tcl"/>
  <File Type="REPORTS-TCL" Name="mcs_top_vanilla_reports.tcl"/>
  <File Type="RDS-RDS" Name="mcs_top_vanilla.vds"/>
  <File Type="RDS-UTIL" Name="mcs_top_vanilla_utilization_synth.rpt"/>
  <File Type="RDS-UTIL-PB" Name="mcs_top_vanilla_utilization_synth.pb"/>
  <File Type="RDS-DCP" Name="mcs_top_vanilla.dcp"/>
  <FileSet Name="sources" Type="DesignSrcs" RelSrcDir="$PSRCDIR/sources_1" RelGenDir="$PGENDIR/sources_1">
    <Filter Type="Srcs"/>
    <File Path="$PSRCDIR/sources_1/ip/cpu/cpu.xci">
      <FileInfo>
        <Attr Name="ImportPath" Val="$PPRDIR/../../../../../FPRO/FPRO.srcs/sources_1/ip/cpu/cpu.xci"/>
        <Attr Name="ImportTime" Val="1695929359"/>
        <Attr Name="UsedIn" Val="synthesis"/>
        <Attr Name="UsedIn" Val="implementation"/>
        <Attr Name="UsedIn" Val="simulation"/>
      </FileInfo>
    </File>
    <File Path="$PSRCDIR/sources_1/imports/adsr/adsr.sv">
      <FileInfo>
        <Attr Name="ImportPath" Val="$PPRDIR/../../../../../../fpga_mcs_sv_src/hdl/mmio/adsr/adsr.sv"/>
        <Attr Name="ImportTime" Val="1695928313"/>
        <Attr Name="UsedIn" Val="synthesis"/>
        <Attr Name="UsedIn" Val="implementation"/>
        <Attr Name="UsedIn" Val="simulation"/>
      </FileInfo>
    </File>
    <File Path="$PSRCDIR/sources_1/imports/hdl/mmio/uart/baud_gen.sv">
      <FileInfo>
        <Attr Name="ImportPath" Val="$PPRDIR/../../../../../../fpga_mcs_sv_src/hdl/mmio/uart/baud_gen.sv"/>
        <Attr Name="ImportTime" Val="1695928314"/>
        <Attr Name="UsedIn" Val="synthesis"/>
        <Attr Name="UsedIn" Val="implementation"/>
        <Attr Name="UsedIn" Val="simulation"/>
      </FileInfo>
    </File>
    <File Path="$PSRCDIR/sources_1/imports/adsr/chu_adsr_core.sv">
      <FileInfo>
        <Attr Name="ImportPath" Val="$PPRDIR/../../../../../../fpga_mcs_sv_src/hdl/mmio/adsr/chu_adsr_core.sv"/>
        <Attr Name="ImportTime" Val="1695928313"/>
        <Attr Name="UsedIn" Val="synthesis"/>
        <Attr Name="UsedIn" Val="implementation"/>
        <Attr Name="UsedIn" Val="simulation"/>
      </FileInfo>
    </File>
    <File Path="$PSRCDIR/sources_1/imports/ddfs/chu_ddfs_core.sv">
      <FileInfo>
        <Attr Name="ImportPath" Val="$PPRDIR/../../../../../../fpga_mcs_sv_src/hdl/mmio/ddfs/chu_ddfs_core.sv"/>
        <Attr Name="ImportTime" Val="1695928313"/>
        <Attr Name="UsedIn" Val="synthesis"/>
        <Attr Name="UsedIn" Val="implementation"/>
        <Attr Name="UsedIn" Val="simulation"/>
      </FileInfo>
    </File>
    <File Path="$PSRCDIR/sources_1/imports/hdl/mmio/debounce/chu_debounce_core.sv">
      <FileInfo>
        <Attr Name="ImportPath" Val="$PPRDIR/../../../../../../fpga_mcs_sv_src/hdl/mmio/debounce/chu_debounce_core.sv"/>
        <Attr Name="ImportTime" Val="1695928314"/>
        <Attr Name="UsedIn" Val="synthesis"/>
        <Attr Name="UsedIn" Val="implementation"/>
        <Attr Name="UsedIn" Val="simulation"/>
      </FileInfo>
    </File>
    <File Path="$PSRCDIR/sources_1/imports/hdl/mmio/mmio_basic/chu_gpi.sv">
      <FileInfo>
        <Attr Name="ImportPath" Val="$PPRDIR/../../../../../../fpga_mcs_sv_src/hdl/mmio/mmio_basic/chu_gpi.sv"/>
        <Attr Name="ImportTime" Val="1695928314"/>
        <Attr Name="UsedIn" Val="synthesis"/>
        <Attr Name="UsedIn" Val="implementation"/>
        <Attr Name="UsedIn" Val="simulation"/>
      </FileInfo>
    </File>
    <File Path="$PSRCDIR/sources_1/imports/hdl/mmio/mmio_basic/chu_gpo.sv">
      <FileInfo>
        <Attr Name="ImportPath" Val="$PPRDIR/../../../../../../fpga_mcs_sv_src/hdl/mmio/mmio_basic/chu_gpo.sv"/>
        <Attr Name="ImportTime" Val="1695928314"/>
        <Attr Name="UsedIn" Val="synthesis"/>
        <Attr Name="UsedIn" Val="implementation"/>
        <Attr Name="UsedIn" Val="simulation"/>
      </FileInfo>
    </File>
    <File Path="$PSRCDIR/sources_1/imports/hdl/mmio/pwm/chu_io_pwm_core.sv">
      <FileInfo>
        <Attr Name="ImportPath" Val="$PPRDIR/../../../../../../fpga_mcs_sv_src/hdl/mmio/pwm/chu_io_pwm_core.sv"/>
        <Attr Name="ImportTime" Val="1697746360"/>
        <Attr Name="UsedIn" Val="synthesis"/>
        <Attr Name="UsedIn" Val="implementation"/>
        <Attr Name="UsedIn" Val="simulation"/>
      </FileInfo>
    </File>
    <File Path="$PSRCDIR/sources_1/imports/hdl/mmio/led_mux/chu_led_mux_core.sv">
      <FileInfo>
        <Attr Name="ImportPath" Val="$PPRDIR/../../../../../../fpga_mcs_sv_src/hdl/mmio/led_mux/chu_led_mux_core.sv"/>
        <Attr Name="ImportTime" Val="1695928314"/>
        <Attr Name="UsedIn" Val="synthesis"/>
        <Attr Name="UsedIn" Val="implementation"/>
        <Attr Name="UsedIn" Val="simulation"/>
      </FileInfo>
    </File>
    <File Path="$PSRCDIR/sources_1/imports/hdl/sys/bridge/chu_mcs_bridge.sv">
      <FileInfo>
        <Attr Name="ImportPath" Val="$PPRDIR/../../../../../../fpga_mcs_sv_src/hdl/sys/bridge/chu_mcs_bridge.sv"/>
        <Attr Name="ImportTime" Val="1695928314"/>
        <Attr Name="UsedIn" Val="synthesis"/>
        <Attr Name="UsedIn" Val="implementation"/>
        <Attr Name="UsedIn" Val="simulation"/>
      </FileInfo>
    </File>
    <File Path="$PSRCDIR/sources_1/imports/hdl/mmio/mmio_support/chu_mmio_controller.sv">
      <FileInfo>
        <Attr Name="ImportPath" Val="$PPRDIR/../../../../../../fpga_mcs_sv_src/hdl/mmio/mmio_support/chu_mmio_controller.sv"/>
        <Attr Name="ImportTime" Val="1695928314"/>
        <Attr Name="UsedIn" Val="synthesis"/>
        <Attr Name="UsedIn" Val="implementation"/>
        <Attr Name="UsedIn" Val="simulation"/>
      </FileInfo>
    </File>
    <File Path="$PSRCDIR/sources_1/imports/ps2/chu_ps2_core.sv">
      <FileInfo>
        <Attr Name="ImportPath" Val="$PPRDIR/../../../../../../fpga_mcs_sv_src/hdl/mmio/ps2/chu_ps2_core.sv"/>
        <Attr Name="ImportTime" Val="1695928314"/>
        <Attr Name="UsedIn" Val="synthesis"/>
        <Attr Name="UsedIn" Val="implementation"/>
        <Attr Name="UsedIn" Val="simulation"/>
      </FileInfo>
    </File>
    <File Path="$PSRCDIR/sources_1/imports/hdl/mmio/mmio_basic/chu_timer.sv">
      <FileInfo>
        <Attr Name="ImportPath" Val="$PPRDIR/../../../../../../fpga_mcs_sv_src/hdl/mmio/mmio_basic/chu_timer.sv"/>
        <Attr Name="ImportTime" Val="1695928314"/>
        <Attr Name="UsedIn" Val="synthesis"/>
        <Attr Name="UsedIn" Val="implementation"/>
        <Attr Name="UsedIn" Val="simulation"/>
      </FileInfo>
    </File>
    <File Path="$PSRCDIR/sources_1/imports/hdl/mmio/uart/chu_uart.sv">
      <FileInfo>
        <Attr Name="ImportPath" Val="$PPRDIR/../../../../../../fpga_mcs_sv_src/hdl/mmio/uart/chu_uart.sv"/>
        <Attr Name="ImportTime" Val="1695928314"/>
        <Attr Name="UsedIn" Val="synthesis"/>
        <Attr Name="UsedIn" Val="implementation"/>
        <Attr Name="UsedIn" Val="simulation"/>
      </FileInfo>
    </File>
    <File Path="$PSRCDIR/sources_1/imports/hdl/mmio/xadc/chu_xadc_core.sv">
      <FileInfo>
        <Attr Name="ImportPath" Val="$PPRDIR/../../../../../../fpga_mcs_sv_src/hdl/mmio/xadc/chu_xadc_core.sv"/>
        <Attr Name="ImportTime" Val="1695928314"/>
        <Attr Name="UsedIn" Val="synthesis"/>
        <Attr Name="UsedIn" Val="implementation"/>
        <Attr Name="UsedIn" Val="simulation"/>
      </FileInfo>
    </File>
    <File Path="$PSRCDIR/sources_1/imports/ddfs/ddfs.sv">
      <FileInfo>
        <Attr Name="ImportPath" Val="$PPRDIR/../../../../../../fpga_mcs_sv_src/hdl/mmio/ddfs/ddfs.sv"/>
        <Attr Name="ImportTime" Val="1695928313"/>
        <Attr Name="UsedIn" Val="synthesis"/>
        <Attr Name="UsedIn" Val="implementation"/>
        <Attr Name="UsedIn" Val="simulation"/>
      </FileInfo>
    </File>
    <File Path="$PSRCDIR/sources_1/imports/hdl/mmio/debounce/debounce_counter.sv">
      <FileInfo>
        <Attr Name="ImportPath" Val="$PPRDIR/../../../../../../fpga_mcs_sv_src/hdl/mmio/debounce/debounce_counter.sv"/>
        <Attr Name="ImportTime" Val="1695928314"/>
        <Attr Name="UsedIn" Val="synthesis"/>
        <Attr Name="UsedIn" Val="implementation"/>
        <Attr Name="UsedIn" Val="simulation"/>
      </FileInfo>
    </File>
    <File Path="$PSRCDIR/sources_1/imports/hdl/mmio/debounce/debounce_fsm.sv">
      <FileInfo>
        <Attr Name="ImportPath" Val="$PPRDIR/../../../../../../fpga_mcs_sv_src/hdl/mmio/debounce/debounce_fsm.sv"/>
        <Attr Name="ImportTime" Val="1695928314"/>
        <Attr Name="UsedIn" Val="synthesis"/>
        <Attr Name="UsedIn" Val="implementation"/>
        <Attr Name="UsedIn" Val="simulation"/>
      </FileInfo>
    </File>
    <File Path="$PSRCDIR/sources_1/imports/ddfs/ds_1bit_dac.sv">
      <FileInfo>
        <Attr Name="ImportPath" Val="$PPRDIR/../../../../../../fpga_mcs_sv_src/hdl/mmio/ddfs/ds_1bit_dac.sv"/>
        <Attr Name="ImportTime" Val="1695928313"/>
        <Attr Name="UsedIn" Val="synthesis"/>
        <Attr Name="UsedIn" Val="implementation"/>
        <Attr Name="UsedIn" Val="simulation"/>
      </FileInfo>
    </File>
    <File Path="$PSRCDIR/sources_1/imports/hdl/mmio/mmio_support/fifo/fifo.sv">
      <FileInfo>
        <Attr Name="ImportPath" Val="$PPRDIR/../../../../../../fpga_mcs_sv_src/hdl/mmio/mmio_support/fifo/fifo.sv"/>
        <Attr Name="ImportTime" Val="1695928314"/>
        <Attr Name="UsedIn" Val="synthesis"/>
        <Attr Name="UsedIn" Val="implementation"/>
        <Attr Name="UsedIn" Val="simulation"/>
      </FileInfo>
    </File>
    <File Path="$PSRCDIR/sources_1/imports/hdl/mmio/mmio_support/fifo/fifo_ctrl.sv">
      <FileInfo>
        <Attr Name="ImportPath" Val="$PPRDIR/../../../../../../fpga_mcs_sv_src/hdl/mmio/mmio_support/fifo/fifo_ctrl.sv"/>
        <Attr Name="ImportTime" Val="1695928314"/>
        <Attr Name="UsedIn" Val="synthesis"/>
        <Attr Name="UsedIn" Val="implementation"/>
        <Attr Name="UsedIn" Val="simulation"/>
      </FileInfo>
    </File>
    <File Path="$PSRCDIR/sources_1/imports/hdl/mmio/led_mux/led_mux8.sv">
      <FileInfo>
        <Attr Name="ImportPath" Val="$PPRDIR/../../../../../../fpga_mcs_sv_src/hdl/mmio/led_mux/led_mux8.sv"/>
        <Attr Name="ImportTime" Val="1695928314"/>
        <Attr Name="UsedIn" Val="synthesis"/>
        <Attr Name="UsedIn" Val="implementation"/>
        <Attr Name="UsedIn" Val="simulation"/>
      </FileInfo>
    </File>
    <File Path="$PSRCDIR/sources_1/imports/hdl/sys/bridge/chu_io_map.svh">
      <FileInfo>
        <Attr Name="ImportPath" Val="$PPRDIR/../../../../../../fpga_mcs_sv_src/hdl/sys/bridge/chu_io_map.svh"/>
        <Attr Name="ImportTime" Val="1697572277"/>
        <Attr Name="UsedIn" Val="synthesis"/>
        <Attr Name="UsedIn" Val="simulation"/>
        <Attr Name="IsVisible" Val="1"/>
      </FileInfo>
    </File>
    <File Path="$PSRCDIR/sources_1/imports/hdl/sys/subsys/mmio_sys_vanilla.sv">
      <FileInfo>
        <Attr Name="ImportPath" Val="$PPRDIR/../../../../../../fpga_mcs_sv_src/hdl/sys/subsys/mmio_sys_vanilla.sv"/>
        <Attr Name="ImportTime" Val="1697572789"/>
        <Attr Name="UsedIn" Val="synthesis"/>
        <Attr Name="UsedIn" Val="implementation"/>
        <Attr Name="UsedIn" Val="simulation"/>
      </FileInfo>
    </File>
    <File Path="$PSRCDIR/sources_1/imports/ps2/ps2_top.sv">
      <FileInfo>
        <Attr Name="ImportPath" Val="$PPRDIR/../../../../../../fpga_mcs_sv_src/hdl/mmio/ps2/ps2_top.sv"/>
        <Attr Name="ImportTime" Val="1695928314"/>
        <Attr Name="UsedIn" Val="synthesis"/>
        <Attr Name="UsedIn" Val="implementation"/>
        <Attr Name="UsedIn" Val="simulation"/>
      </FileInfo>
    </File>
    <File Path="$PSRCDIR/sources_1/imports/ps2/ps2rx.sv">
      <FileInfo>
        <Attr Name="ImportPath" Val="$PPRDIR/../../../../../../fpga_mcs_sv_src/hdl/mmio/ps2/ps2rx.sv"/>
        <Attr Name="ImportTime" Val="1695928314"/>
        <Attr Name="UsedIn" Val="synthesis"/>
        <Attr Name="UsedIn" Val="implementation"/>
        <Attr Name="UsedIn" Val="simulation"/>
      </FileInfo>
    </File>
    <File Path="$PSRCDIR/sources_1/imports/ps2/ps2tx.sv">
      <FileInfo>
        <Attr Name="ImportPath" Val="$PPRDIR/../../../../../../fpga_mcs_sv_src/hdl/mmio/ps2/ps2tx.sv"/>
        <Attr Name="ImportTime" Val="1700169348"/>
        <Attr Name="UsedIn" Val="synthesis"/>
        <Attr Name="UsedIn" Val="implementation"/>
        <Attr Name="UsedIn" Val="simulation"/>
      </FileInfo>
    </File>
    <File Path="$PSRCDIR/sources_1/imports/hdl/mmio/mmio_support/fifo/reg_file.sv">
      <FileInfo>
        <Attr Name="ImportPath" Val="$PPRDIR/../../../../../../fpga_mcs_sv_src/hdl/mmio/mmio_support/fifo/reg_file.sv"/>
        <Attr Name="ImportTime" Val="1695928314"/>
        <Attr Name="UsedIn" Val="synthesis"/>
        <Attr Name="UsedIn" Val="implementation"/>
        <Attr Name="UsedIn" Val="simulation"/>
      </FileInfo>
    </File>
    <File Path="$PSRCDIR/sources_1/imports/ddfs/sin_rom.sv">
      <FileInfo>
        <Attr Name="ImportPath" Val="$PPRDIR/../../../../../../fpga_mcs_sv_src/hdl/mmio/ddfs/sin_rom.sv"/>
        <Attr Name="ImportTime" Val="1695928313"/>
        <Attr Name="UsedIn" Val="synthesis"/>
        <Attr Name="UsedIn" Val="implementation"/>
        <Attr Name="UsedIn" Val="simulation"/>
      </FileInfo>
    </File>
    <File Path="$PSRCDIR/sources_1/imports/hdl/mmio/uart/uart.sv">
      <FileInfo>
        <Attr Name="ImportPath" Val="$PPRDIR/../../../../../../fpga_mcs_sv_src/hdl/mmio/uart/uart.sv"/>
        <Attr Name="ImportTime" Val="1695928314"/>
        <Attr Name="UsedIn" Val="synthesis"/>
        <Attr Name="UsedIn" Val="implementation"/>
        <Attr Name="UsedIn" Val="simulation"/>
      </FileInfo>
    </File>
    <File Path="$PSRCDIR/sources_1/imports/hdl/mmio/uart/uart_rx.sv">
      <FileInfo>
        <Attr Name="ImportPath" Val="$PPRDIR/../../../../../../fpga_mcs_sv_src/hdl/mmio/uart/uart_rx.sv"/>
        <Attr Name="ImportTime" Val="1695928314"/>
        <Attr Name="UsedIn" Val="synthesis"/>
        <Attr Name="UsedIn" Val="implementation"/>
        <Attr Name="UsedIn" Val="simulation"/>
      </FileInfo>
    </File>
    <File Path="$PSRCDIR/sources_1/imports/hdl/mmio/uart/uart_tx.sv">
      <FileInfo>
        <Attr Name="ImportPath" Val="$PPRDIR/../../../../../../fpga_mcs_sv_src/hdl/mmio/uart/uart_tx.sv"/>
        <Attr Name="ImportTime" Val="1695928314"/>
        <Attr Name="UsedIn" Val="synthesis"/>
        <Attr Name="UsedIn" Val="implementation"/>
        <Attr Name="UsedIn" Val="simulation"/>
      </FileInfo>
    </File>
    <File Path="$PSRCDIR/sources_1/imports/hdl/mmio/xadc/xadc_fpro.sv">
      <FileInfo>
        <Attr Name="ImportPath" Val="$PPRDIR/../../../../../../fpga_mcs_sv_src/hdl/mmio/xadc/xadc_fpro.sv"/>
        <Attr Name="ImportTime" Val="1695928314"/>
        <Attr Name="UsedIn" Val="synthesis"/>
        <Attr Name="UsedIn" Val="implementation"/>
        <Attr Name="UsedIn" Val="simulation"/>
      </FileInfo>
    </File>
    <File Path="$PSRCDIR/sources_1/imports/hdl/sys/top/mcs_top_vanilla.sv">
      <FileInfo>
        <Attr Name="ImportPath" Val="$PPRDIR/../../../../../../fpga_mcs_sv_src/hdl/sys/top/mcs_top_vanilla.sv"/>
        <Attr Name="ImportTime" Val="1697572712"/>
        <Attr Name="UsedIn" Val="synthesis"/>
        <Attr Name="UsedIn" Val="implementation"/>
        <Attr Name="UsedIn" Val="simulation"/>
      </FileInfo>
    </File>
    <File Path="$PSRCDIR/sources_1/imports/FPRO_23/sin_table.txt">
      <FileInfo>
        <Attr Name="ImportPath" Val="$PPRDIR/../../../../../../../../../Documents/School/FPRO_23/sin_table.txt"/>
        <Attr Name="ImportTime" Val="1695928314"/>
      </FileInfo>
    </File>
    <Config>
      <Option Name="DesignMode" Val="RTL"/>
      <Option Name="TopModule" Val="mcs_top_vanilla"/>
      <Option Name="TopAutoSet" Val="TRUE"/>
    </Config>
  </FileSet>
  <FileSet Name="constrs_in" Type="Constrs" RelSrcDir="$PSRCDIR/constrs_1" RelGenDir="$PGENDIR/constrs_1">
    <Filter Type="Constrs"/>
    <File Path="$PSRCDIR/constrs_1/imports/constraint/Nexys4_DDR_chu.xdc">
      <FileInfo>
        <Attr Name="ImportPath" Val="$PPRDIR/../../../../../../fpga_mcs_sv_src/constraint/Nexys4_DDR_chu.xdc"/>
        <Attr Name="ImportTime" Val="1695928313"/>
        <Attr Name="UsedIn" Val="synthesis"/>
        <Attr Name="UsedIn" Val="implementation"/>
      </FileInfo>
    </File>
    <Config>
      <Option Name="ConstrsType" Val="XDC"/>
    </Config>
  </FileSet>
  <FileSet Name="utils" Type="Utils" RelSrcDir="$PSRCDIR/utils_1" RelGenDir="$PGENDIR/utils_1">
    <Filter Type="Utils"/>
    <File Path="$PSRCDIR/utils_1/imports/synth_1/mcs_top_vanilla.dcp">
      <FileInfo>
        <Attr Name="ImportPath" Val="$PPRDIR/../../../../../../../../../Documents/School/FPRO_23/FPRO_23.srcs/utils_1/imports/synth_1/mcs_top_vanilla.dcp"/>
        <Attr Name="ImportTime" Val="1701366139"/>
        <Attr Name="UsedIn" Val="synthesis"/>
        <Attr Name="UsedIn" Val="implementation"/>
        <Attr Name="UsedInSteps" Val="synth_1"/>
        <Attr Name="AutoDcp" Val="1"/>
      </FileInfo>
    </File>
    <Config>
      <Option Name="TopAutoSet" Val="TRUE"/>
    </Config>
  </FileSet>
  <Strategy Version="1" Minor="2">
    <StratHandle Name="Vivado Synthesis Defaults" Flow="Vivado Synthesis 2021"/>
    <Step Id="synth_design"/>
  </Strategy>
</GenRun>
